{
  "NPV": {
    "bins": {
      "centers": [
        -15332.716951872782,
        -13239.74682972487,
        -11146.776707576959,
        -9053.806585429047,
        -6960.836463281135,
        -4867.866341133224,
        -2774.896218985312,
        -681.9260968374001,
        1411.0440253105116,
        3504.0141474584234,
        5596.984269606335,
        7689.954391754247,
        9782.924513902159,
        11875.89463605007,
        13968.864758197982,
        16061.834880345894,
        18154.805002493806,
        20247.775124641717,
        22340.74524678963,
        24433.71536893754,
        26526.685491085453,
        28619.655613233364,
        30712.625735381276,
        32805.59585752919,
        34898.5659796771,
        36991.53610182501,
        39084.50622397292,
        41177.476346120835,
        43270.44646826875,
        45363.41659041666
      ],
      "counts": [
        3,
        1,
        6,
        13,
        28,
        47,
        81,
        171,
        233,
        397,
        504,
        704,
        833,
        954,
        1044,
        1027,
        988,
        829,
        650,
        526,
        367,
        259,
        158,
        81,
        49,
        24,
        15,
        5,
        1,
        2
      ],
      "edges": [
        -16379.202012946738,
        -14286.231890798826,
        -12193.261768650915,
        -10100.291646503003,
        -8007.321524355091,
        -5914.3514022071795,
        -3821.3812800592677,
        -1728.411157911356,
        364.55896423655577,
        2457.5290863844675,
        4550.499208532379,
        6643.469330680291,
        8736.439452828203,
        10829.409574976115,
        12922.379697124026,
        15015.349819271938,
        17108.31994141985,
        19201.29006356776,
        21294.260185715673,
        23387.230307863585,
        25480.200430011497,
        27573.17055215941,
        29666.14067430732,
        31759.110796455232,
        33852.08091860314,
        35945.05104075106,
        38038.021162898964,
        40130.99128504688,
        42223.96140719479,
        44316.931529342706,
        46409.90165149061
      ]
    },
    "statistics": {
      "mean": 14982.9121,
      "std": 8027.2976,
      "P10": 4661.6083,
      "P50": 14979.2402,
      "P90": 25250.2333
    },
    "chart_config": {
      "xlabel": "Net Present Value (\u20ac)",
      "ylabel": "Frequency (Number of Scenarios)",
      "title": "NPV Distribution (10,000 Simulations)"
    }
  },
  "IRR": {
    "bins": {
      "centers": [
        -0.00793627507257061,
        -0.0009900587556819812,
        0.005956157561206648,
        0.012902373878095277,
        0.019848590194983903,
        0.026794806511872535,
        0.033741022828761166,
        0.04068723914564979,
        0.047633455462538415,
        0.05457967177942705,
        0.06152588809631568,
        0.06847210441320431,
        0.07541832073009294,
        0.08236453704698157,
        0.08931075336387019,
        0.09625696968075882,
        0.10320318599764745,
        0.11014940231453607,
        0.1170956186314247,
        0.12404183494831333,
        0.13098805126520197,
        0.1379342675820906,
        0.14488048389897923,
        0.15182670021586786,
        0.1587729165327565,
        0.16571913284964512,
        0.17266534916653375,
        0.17961156548342236,
        0.186557781800311,
        0.19350399811719962
      ],
      "counts": [
        2,
        6,
        5,
        30,
        37,
        76,
        120,
        204,
        356,
        512,
        715,
        933,
        996,
        1095,
        1132,
        970,
        834,
        678,
        496,
        349,
        214,
        117,
        68,
        28,
        16,
        7,
        2,
        0,
        1,
        1
      ],
      "edges": [
        -0.011409383231014925,
        -0.004463166914126296,
        0.0024830494027623332,
        0.009429265719650963,
        0.01637548203653959,
        0.02332169835342822,
        0.03026791467031685,
        0.037214130987205475,
        0.04416034730409411,
        0.05110656362098273,
        0.05805277993787136,
        0.06499899625476,
        0.07194521257164863,
        0.07889142888853726,
        0.08583764520542587,
        0.0927838615223145,
        0.09973007783920314,
        0.10667629415609177,
        0.11362251047298039,
        0.12056872678986902,
        0.12751494310675765,
        0.13446115942364628,
        0.1414073757405349,
        0.14835359205742354,
        0.15529980837431218,
        0.1622460246912008,
        0.16919224100808944,
        0.17613845732497804,
        0.18308467364186667,
        0.1900308899587553,
        0.19697710627564394
      ]
    },
    "statistics": {
      "mean": 0.0853,
      "std": 0.025,
      "P10": 0.0537,
      "P50": 0.0854,
      "P90": 0.1175
    },
    "chart_config": {
      "xlabel": "Internal Rate of Return",
      "ylabel": "Frequency (Number of Scenarios)",
      "title": "IRR Distribution (10,000 Simulations)"
    }
  },
  "ROI": {
    "bins": {
      "centers": [
        0.21357553397532417,
        0.29928716249884646,
        0.3849987910223687,
        0.470710419545891,
        0.5564220480694133,
        0.6421336765929355,
        0.7278453051164578,
        0.8135569336399802,
        0.8992685621635024,
        0.9849801906870247,
        1.070691819210547,
        1.1564034477340692,
        1.2421150762575914,
        1.3278267047811139,
        1.413538333304636,
        1.4992499618281583,
        1.5849615903516807,
        1.670673218875203,
        1.7563848473987251,
        1.8420964759222476,
        1.9278081044457698,
        2.013519732969292,
        2.0992313614928144,
        2.184942990016337,
        2.270654618539859,
        2.356366247063381,
        2.4420778755869037,
        2.5277895041104257,
        2.6135011326339477,
        2.6992127611574706
      ],
      "counts": [
        4,
        3,
        8,
        14,
        36,
        70,
        116,
        186,
        284,
        446,
        577,
        712,
        768,
        910,
        976,
        1001,
        849,
        808,
        685,
        513,
        362,
        270,
        186,
        111,
        52,
        28,
        13,
        7,
        2,
        3
      ],
      "edges": [
        0.17071971971356303,
        0.2564313482370853,
        0.34214297676060756,
        0.4278546052841299,
        0.5135662338076521,
        0.5992778623311744,
        0.6849894908546967,
        0.770701119378219,
        0.8564127479017413,
        0.9421243764252636,
        1.0278360049487858,
        1.113547633472308,
        1.1992592619958304,
        1.2849708905193526,
        1.3706825190428749,
        1.4563941475663973,
        1.5421057760899195,
        1.6278174046134417,
        1.7135290331369641,
        1.7992406616604864,
        1.8849522901840086,
        1.970663918707531,
        2.0563755472310534,
        2.1420871757545754,
        2.227798804278098,
        2.31351043280162,
        2.3992220613251423,
        2.4849336898486647,
        2.5706453183721867,
        2.656356946895709,
        2.7420685754192315
      ]
    },
    "statistics": {
      "mean": 1.4456,
      "std": 0.347,
      "P10": 1.0016,
      "P50": 1.448,
      "P90": 1.8911
    },
    "chart_config": {
      "xlabel": "Return on Investment",
      "ylabel": "Frequency (Number of Scenarios)",
      "title": "ROI Distribution (10,000 Simulations)"
    }
  },